Location,Time,Accessibility,Day,Priority
534,76937.54,49.35,0,tu
3245,83314.45,77.58,0,tu
534,39981.72,75.30,0,tu
3245,60249.83,48.97,0,tu
12,22784.88,24.04,0,tu
1233,54678.48,1.93,0,tu
1234,27935.01,48.37,1,tu
312,51198.51,30.81,1,tu
1234,33143.58,100,1,tu
1233,56799.21,46.81,1,tu
7564,18225.79,67.66,1,tu
1234,28573.00,24.78,1,tu
534,15961.14,89.08,2,tu
12,6021.33,72.69,2,tu
7564,31582.67,100,2,tu
312,50866.18,81.15,2,tu
7564,46378.61,84.86,2,tu
312,4474.09,61.62,2,tu
534,79633.21,100,3,tu
1233,56592.14,100,3,tu
1234,11542.52,100,3,tu
7564,42998.67,100,3,tu
1234,44512.41,100,3,tu
7564,77733.26,84.15,3,tu
12,1661.68,100,4,tu
1234,661.34,100,4,tu
534,31824.39,100,4,tu
3245,28073.92,100,4,tu
3245,38785.56,100,4,tu
312,1555.69,100,4,tu
534,30723.16,63.39,0,m
534,68842.29,23.58,0,m
7564,338.24,13.58,0,m
12,80732.23,53.99,0,m
3245,52489.28,32.39,0,m
1233,21442.29,32.39,0,m
312,16211.04,100,1,m
1233,55789.16,16.87,1,m
534,17985.76,34.66,1,m
1233,62400.04,47.56,1,m
3245,50521.80,26.13,1,m
312,59326.25,22.87,1,m
312,32884.76,31.09,2,m
1233,33922.48,52.18,2,m
3245,83132.46,100,2,m
1233,7208.73,64.50,2,m
12,69781.64,81.54,2,m
534,51817.12,84.77,2,m
3245,83940.27,76.89,3,m
534,38871.96,100,3,m
12,65885.06,100,3,m
7564,6900.49,55.35,3,m
1233,75832.80,100,3,m
1234,1475.75,100,3,m
1233,60697.17,90.10,4,m
1234,7367.75,100,4,m
1233,57162.53,100,4,m
7564,85917.64,90.62,4,m
1234,50925.33,100,4,m
1234,4316.85,100,4,m
1233,45175.40,10.15,0,tu
12,85040.18,40.45,0,tu
7564,63349.03,33.68,0,tu
534,59820.88,72.51,0,tu
1233,38065.71,62.96,0,tu
7564,1697.70,11.71,0,tu
3245,20614.00,54.30,1,tu
7564,24781.04,36.21,1,tu
312,73174.92,5.05,1,tu
12,28550.62,12.98,1,tu
7564,70238.88,100,1,tu
3245,13834.49,75.08,1,tu
534,26708.13,100,2,tu
1233,68600.06,94.53,2,tu
312,85053.00,32.26,2,tu
1233,22140.22,50.00,2,tu
312,75229.96,100,2,tu
534,35371.77,96.37,2,tu
312,66780.20,100,3,tu
312,7761.85,100,3,tu
12,62479.18,72.83,3,tu
1233,76504.86,96.44,3,tu
1234,36580.57,100,3,tu
534,43507.78,100,3,tu
12,24016.36,100,4,tu
7564,73155.58,100,4,tu
12,53771.25,73.04,4,tu
12,70242.10,100,4,tu
1233,57418.15,100,4,tu
7564,5588.74,100,4,tu
1233,66291.85,11.23,0,tu
312,19252.66,10.30,0,tu
3245,83876.81,27.19,0,tu
3245,42083.93,17.02,0,tu
1233,38733.88,34.19,0,tu
7564,6191.53,40.95,0,tu
534,57079.27,34.65,1,tu
312,42773.94,15.23,1,tu
12,55139.51,72.53,1,tu
12,85478.34,4.62,1,tu
1233,22004.71,48.55,1,tu
1233,61897.17,46.48,1,tu
12,36733.41,37.28,2,tu
1234,25141.56,-2.17,2,tu
312,86277.77,64.94,2,tu
1233,57464.47,14.26,2,tu
3245,76673.40,98.99,2,tu
7564,81838.25,79.76,2,tu
1234,24357.03,87.72,3,tu
534,80944.32,27.61,3,tu
312,48080.62,100,3,tu
7564,77677.64,61.67,3,tu
7564,82073.68,100,3,tu
534,83764.96,82.57,3,tu
312,67702.20,100,4,tu
1233,72918.16,71.84,4,tu
1233,74152.80,100,4,tu
534,12227.24,95.05,4,tu
3245,10867.58,100,4,tu
7564,49873.74,100,4,tu
12,34726.17,33.03,0,tu
12,71429.15,31.06,0,tu
12,52536.92,54.00,0,tu
1234,37460.25,16.80,0,tu
312,28196.82,50.52,0,tu
7564,1502.83,47.41,0,tu
534,24718.60,78.62,1,tu
534,75973.87,40.64,1,tu
312,53130.21,29.41,1,tu
1234,52894.31,60.99,1,tu
1234,47318.31,75.72,1,tu
7564,74189.77,27.15,1,tu
3245,59960.79,49.64,2,tu
7564,3136.13,68.91,2,tu
12,76690.73,32.28,2,tu
312,43067.06,100,2,tu
7564,38141.88,100,2,tu
1234,67624.41,47.48,2,tu
3245,79432.81,100,3,tu
7564,20670.31,100,3,tu
12,31756.31,56.43,3,tu
312,28692.87,100,3,tu
1234,411.71,100,3,tu
534,25409.97,39.46,3,tu
1234,55796.05,100,4,tu
12,71338.21,100,4,tu
534,57059.86,100,4,tu
3245,39646.07,100,4,tu
1234,43711.41,100,4,tu
1233,55726.36,74.31,4,tu
312,24920.96,33.23,0,m
312,44596.09,31.49,0,m
12,29494.43,-1.21,0,m
312,64542.30,47.93,0,m
1234,70967.38,35.05,0,m
1233,48680.44,45.01,0,m
312,15604.55,98.96,1,m
1233,58238.41,50.41,1,m
1234,2010.17,26.60,1,m
7564,3283.76,42.67,1,m
3245,36016.94,69.98,1,m
312,53928.71,46.82,1,m
7564,40993.47,79.40,2,m
1234,27271.55,65.07,2,m
1234,7465.52,94.07,2,m
312,21273.61,72.48,2,m
1233,34541.52,100,2,m
312,23530.54,100,2,m
1233,68178.32,93.24,3,m
3245,62961.98,100,3,m
1234,79888.81,100,3,m
1233,64560.79,100,3,m
534,7709.53,100,3,m
312,52669.29,100,3,m
12,62215.76,100,4,m
12,232.89,100,4,m
534,24369.91,100,4,m
12,73749.42,100,4,m
3245,80715.67,100,4,m
12,6504.09,100,4,m
534,74459.02,54.58,0,tu
12,84136.25,30.93,0,tu
1234,40833.97,52.08,0,tu
1234,55126.43,38.24,0,tu
1234,50300.37,68.16,0,tu
312,85773.06,78.33,0,tu
7564,78206.68,40.48,1,tu
1234,4986.92,36.13,1,tu
1234,71172.48,30.02,1,tu
1233,21362.96,37.61,1,tu
534,28034.42,51.30,1,tu
1233,72060.40,13.87,1,tu
312,38766.48,94.47,2,tu
1234,25274.61,54.01,2,tu
1233,49719.56,81.43,2,tu
12,28546.64,65.43,2,tu
534,71738.64,100,2,tu
3245,36475.88,57.27,2,tu
534,15956.74,100,3,tu
534,16356.27,100,3,tu
1234,62081.72,100,3,tu
12,59230.40,90.70,3,tu
7564,51640.36,100,3,tu
1234,3717.49,85.80,3,tu
3245,54801.64,100,4,tu
3245,50614.03,100,4,tu
1234,11810.46,100,4,tu
3245,10283.10,100,4,tu
7564,1768.00,100,4,tu
312,40131.51,100,4,tu
1234,69275.22,47.42,0,tu
1234,24716.73,54.27,0,tu
534,2594.34,55.30,0,tu
312,31890.73,51.25,0,tu
534,42045.71,53.58,0,tu
1234,51056.37,42.93,0,tu
12,15437.48,87.47,1,tu
1234,41168.51,28.80,1,tu
7564,53074.10,75.12,1,tu
1233,85249.42,29.00,1,tu
12,65858.03,30.06,1,tu
1234,79253.43,25.32,1,tu
7564,56820.65,59.52,2,tu
312,78872.25,42.40,2,tu
312,45812.07,100,2,tu
312,14037.32,45.23,2,tu
534,13474.39,46.50,2,tu
12,57595.30,37.51,2,tu
12,55416.70,92.17,3,tu
1233,66669.87,100,3,tu
12,4234.34,100,3,tu
1233,48359.19,100,3,tu
1233,79974.62,88.38,3,tu
1234,21246.98,86.04,3,tu
1234,54199.14,100,4,tu
1233,81652.55,100,4,tu
534,22407.42,100,4,tu
1234,12220.87,100,4,tu
3245,85288.84,100,4,tu
1234,58378.19,100,4,tu
1234,24551.15,-14.92,0,tu
12,12041.98,28.36,0,tu
12,83789.92,56.89,0,tu
7564,16905.88,45.62,0,tu
7564,39609.48,11.29,0,tu
3245,12571.04,58.82,0,tu
3245,57367.48,70.58,1,tu
1233,5238.39,66.35,1,tu
312,6066.87,71.64,1,tu
312,58987.92,39.06,1,tu
12,52003.90,55.67,1,tu
312,82436.82,40.29,1,tu
534,9972.60,48.61,2,tu
12,82717.22,100,2,tu
3245,57464.31,87.55,2,tu
1234,58187.87,66.11,2,tu
534,42976.28,83.72,2,tu
534,57948.95,43.17,2,tu
534,66345.17,100,3,tu
7564,24725.95,100,3,tu
1234,38335.92,100,3,tu
1233,60771.19,81.13,3,tu
3245,51791.20,100,3,tu
534,52865.63,80.27,3,tu
312,43066.05,100,4,tu
312,35832.05,100,4,tu
7564,85348.11,100,4,tu
3245,19430.27,100,4,tu
1233,45307.00,100,4,tu
534,11751.50,100,4,tu
12,80683.65,46.06,0,tu
1234,79487.63,52.67,0,tu
3245,25038.68,14.96,0,tu
3245,54761.06,49.92,0,tu
1234,59805.74,46.26,0,tu
7564,40584.22,45.39,0,tu
534,72189.60,89.28,1,tu
534,59980.21,20.88,1,tu
3245,70203.32,9.32,1,tu
312,70395.54,53.51,1,tu
1233,20284.77,37.87,1,tu
312,36702.62,21.31,1,tu
534,26365.37,43.91,2,tu
12,27796.25,56.55,2,tu
12,62441.34,41.26,2,tu
12,42665.24,100,2,tu
3245,62417.63,100,2,tu
7564,11084.59,88.77,2,tu
7564,43024.19,87.42,3,tu
3245,31303.32,100,3,tu
1234,43426.59,59.64,3,tu
312,84842.31,100,3,tu
12,41869.73,100,3,tu
1234,7451.75,75.90,3,tu
3245,32690.84,100,4,tu
534,26485.43,100,4,tu
312,28956.73,84.06,4,tu
1234,78040.00,100,4,tu
534,77080.52,100,4,tu
7564,41087.61,100,4,tu
3245,57300.18,44.90,0,m
7564,49534.60,61.87,0,m
1234,63965.40,24.14,0,m
534,19935.52,48.58,0,m
534,30647.03,14.93,0,m
1234,15740.10,25.14,0,m
7564,2642.76,100,1,m
312,14925.56,44.55,1,m
12,30955.04,62.02,1,m
1233,13304.05,36.44,1,m
1233,30908.82,66.37,1,m
12,7941.00,10.09,1,m
7564,4939.42,25.85,2,m
7564,56818.74,97.02,2,m
1233,83481.62,100,2,m
3245,65680.44,68.28,2,m
12,45759.76,100,2,m
1233,17377.37,35.91,2,m
12,35864.51,63.48,3,m
534,4385.57,100,3,m
1234,55399.65,100,3,m
12,70392.11,100,3,m
312,30007.64,100,3,m
7564,67078.39,23.27,3,m
12,36786.25,82.46,4,m
312,69839.68,100,4,m
1233,19163.65,100,4,m
312,34948.57,100,4,m
534,16131.04,100,4,m
3245,8688.81,45.73,4,m
7564,19702.98,34.68,0,tu
7564,14253.18,43.47,0,tu
1233,20067.20,45.52,0,tu
1234,26410.16,77.60,0,tu
7564,44448.96,23.67,0,tu
534,55968.67,32.27,0,tu
312,14240.68,38.76,1,tu
3245,24553.35,26.10,1,tu
534,48294.29,46.07,1,tu
1233,36481.05,51.69,1,tu
312,28630.92,96.58,1,tu
1234,56194.12,82.81,1,tu
1234,35804.98,82.04,2,tu
3245,58269.55,41.08,2,tu
312,76358.04,67.39,2,tu
3245,60843.32,62.45,2,tu
7564,78741.01,100,2,tu
7564,71358.76,100,2,tu
1233,60021.62,100,3,tu
1234,63579.18,42.88,3,tu
1234,48730.39,100,3,tu
7564,58315.05,81.45,3,tu
1233,41535.58,100,3,tu
7564,56528.03,100,3,tu
3245,68549.76,100,4,tu
1233,36210.12,58.78,4,tu
7564,7126.61,100,4,tu
12,17721.57,100,4,tu
12,77700.72,100,4,tu
312,4387.42,100,4,tu
312,71063.68,13.85,0,tu
312,11640.38,30.77,0,tu
3245,40405.27,23.03,0,tu
312,43988.59,40.94,0,tu
1233,57384.70,15.12,0,tu
12,73359.84,30.55,0,tu
1234,49327.10,96.85,1,tu
1234,45443.63,54.66,1,tu
3245,32658.93,13.76,1,tu
1233,39902.16,7.54,1,tu
3245,85068.05,57.88,1,tu
312,25022.80,-1.06,1,tu
312,82630.54,61.75,2,tu
1233,36180.55,100,2,tu
7564,80148.95,70.03,2,tu
7564,44220.76,78.30,2,tu
1234,20173.45,100,2,tu
312,70004.59,35.42,2,tu
534,76212.34,100,3,tu
1233,58618.55,100,3,tu
12,4362.46,100,3,tu
1233,38304.06,82.82,3,tu
1234,78888.48,100,3,tu
1234,61621.66,45.50,3,tu
534,6526.67,100,4,tu
1234,3237.89,100,4,tu
312,25262.03,100,4,tu
7564,44858.83,100,4,tu
12,76079.42,100,4,tu
312,71275.35,80.99,4,tu
7564,40754.69,51.60,0,m
12,28172.65,17.53,0,m
3245,16986.73,45.14,0,m
1233,59427.95,37.82,0,m
534,16124.62,24.98,0,m
534,6822.44,20.14,0,m
3245,29115.16,59.08,1,m
3245,59015.55,100,1,m
534,50729.93,71.78,1,m
12,70436.71,59.16,1,m
312,82473.41,58.91,1,m
312,56598.49,10.43,1,m
7564,29430.71,53.18,2,m
3245,46363.44,32.94,2,m
3245,49113.76,100,2,m
3245,1177.30,100,2,m
534,4552.04,88.03,2,m
7564,6200.25,24.58,2,m
1233,55637.53,57.92,3,m
7564,6583.99,49.73,3,m
12,73854.02,100,3,m
12,33991.57,100,3,m
7564,72074.41,97.79,3,m
1234,48051.30,78.00,3,m
3245,30585.74,68.41,4,m
1233,52390.38,61.05,4,m
12,14045.73,100,4,m
534,49598.84,100,4,m
7564,72910.12,100,4,m
3245,44756.62,100,4,m
12,36541.87,6.15,0,m
1233,243.56,55.36,0,m
12,63041.24,48.37,0,m
1233,12399.17,5.85,0,m
1233,23512.36,20.44,0,m
12,68425.13,71.71,0,m
12,13957.86,14.21,1,m
534,5163.05,36.33,1,m
534,47306.32,63.26,1,m
7564,34139.91,33.39,1,m
1234,46797.38,10.11,1,m
12,76166.48,77.31,1,m
312,81884.53,55.88,2,m
12,44198.14,92.02,2,m
534,33841.53,100,2,m
7564,45939.36,62.71,2,m
1234,50030.30,49.47,2,m
1234,81548.68,100,2,m
3245,36746.40,65.62,3,m
12,28645.43,100,3,m
12,50183.23,100,3,m
534,9624.96,100,3,m
534,38568.68,92.75,3,m
312,2759.65,100,3,m
534,44218.99,76.88,4,m
7564,15534.76,100,4,m
1234,20072.05,100,4,m
1233,20957.54,100,4,m
3245,42006.86,100,4,m
312,79293.40,100,4,m
1233,24523.47,70.37,0,tu
3245,27410.53,44.01,0,tu
3245,12075.02,61.81,0,tu
1233,68661.20,70.16,0,tu
1233,40712.17,30.35,0,tu
312,64058.08,44.91,0,tu
1233,26474.11,24.67,1,tu
7564,81529.12,100,1,tu
534,69927.67,100,1,tu
312,24964.85,100,1,tu
3245,71508.41,77.94,1,tu
12,63209.43,93.82,1,tu
1233,47066.57,9.01,2,tu
3245,64463.04,100,2,tu
3245,46999.20,100,2,tu
1233,50680.33,100,2,tu
534,23778.43,100,2,tu
7564,10152.09,100,2,tu
12,68491.91,100,3,tu
1233,35069.88,100,3,tu
1233,1895.80,100,3,tu
1233,52625.27,100,3,tu
534,67394.18,100,3,tu
1234,41412.23,100,3,tu
7564,78277.69,100,4,tu
3245,13132.06,100,4,tu
3245,72977.63,100,4,tu
534,22191.43,100,4,tu
12,68057.58,100,4,tu
534,47740.47,100,4,tu
1233,25450.77,64.50,0,m
7564,83426.83,37.84,0,m
1233,26314.69,59.88,0,m
1234,3167.74,38.72,0,m
12,34459.09,43.50,0,m
1233,78242.76,26.86,0,m
1234,53359.04,81.67,1,m
1234,14710.05,1.05,1,m
534,51087.04,68.27,1,m
12,30013.19,48.33,1,m
7564,62377.12,60.49,1,m
1234,54879.12,64.88,1,m
1234,45454.83,40.68,2,m
1234,79143.12,77.25,2,m
3245,59372.39,98.04,2,m
1233,53491.76,84.57,2,m
12,66922.37,90.75,2,m
3245,47557.55,100,2,m
3245,36606.92,77.61,3,m
12,32480.27,100,3,m
534,5322.98,100,3,m
3245,77654.79,100,3,m
3245,41659.93,100,3,m
3245,66488.01,100,3,m
312,69248.04,100,4,m
312,13796.74,100,4,m
7564,33277.68,100,4,m
1234,45761.20,100,4,m
7564,81254.94,100,4,m
1233,54776.70,100,4,m
312,21962.88,32.33,0,tu
312,72793.99,81.30,0,tu
312,12781.51,42.09,0,tu
7564,69344.60,30.06,0,tu
534,27768.47,64.09,0,tu
7564,76094.08,22.79,0,tu
7564,44708.09,9.88,1,tu
534,3521.73,32.43,1,tu
7564,60618.86,100,1,tu
12,75221.74,100,1,tu
1233,57767.00,100,1,tu
1233,12006.18,27.18,1,tu
3245,12643.65,72.05,2,tu
1234,80969.23,73.73,2,tu
1234,41206.30,100,2,tu
7564,72463.36,100,2,tu
534,82824.56,100,2,tu
534,14558.31,71.00,2,tu
7564,64142.48,100,3,tu
312,84163.28,86.78,3,tu
534,80826.20,100,3,tu
3245,32781.83,100,3,tu
12,13626.69,100,3,tu
1234,41395.26,100,3,tu
534,85871.44,100,4,tu
12,13180.98,100,4,tu
1234,64504.30,100,4,tu
312,54916.99,100,4,tu
3245,28625.24,100,4,tu
12,20602.67,100,4,tu
1234,5771.01,31.89,0,tu
12,63057.66,-1.66,0,tu
1233,44253.61,52.80,0,tu
312,26093.94,44.58,0,tu
12,15510.80,67.70,0,tu
534,33485.21,-6.86,0,tu
1234,19055.17,83.56,1,tu
1234,36506.72,4.99,1,tu
3245,76332.62,69.84,1,tu
3245,13705.50,34.73,1,tu
1233,14019.98,55.90,1,tu
312,20851.80,52.41,1,tu
1233,53136.51,29.65,2,tu
3245,48643.95,32.15,2,tu
534,80096.48,100,2,tu
312,61306.60,66.55,2,tu
12,80097.93,100,2,tu
7564,31634.73,93.25,2,tu
534,57170.36,80.18,3,tu
3245,36410.54,36.28,3,tu
7564,64000.37,100,3,tu
1234,77732.86,90.80,3,tu
1234,17644.56,100,3,tu
312,10097.95,100,3,tu
1233,41487.15,100,4,tu
3245,68834.36,38.21,4,tu
534,48919.31,100,4,tu
312,82475.93,100,4,tu
534,6196.80,100,4,tu
1234,49706.42,100,4,tu
1233,37753.20,28.58,0,tu
3245,17699.33,20.76,0,tu
1234,56513.20,58.29,0,tu
312,34867.24,43.73,0,tu
1234,52630.82,62.34,0,tu
3245,79586.62,34.62,0,tu
12,13397.18,51.13,1,tu
312,7694.69,37.51,1,tu
7564,64220.27,100,1,tu
1233,78813.92,-1.68,1,tu
3245,73907.83,27.35,1,tu
12,26207.45,-5.03,1,tu
534,15526.42,50.82,2,tu
534,50629.93,14.55,2,tu
534,59376.63,39.23,2,tu
7564,41866.93,59.12,2,tu
7564,85092.59,60.87,2,tu
1233,60508.13,27.29,2,tu
1234,79576.08,51.69,3,tu
312,57127.50,59.53,3,tu
1234,40440.72,90.52,3,tu
1233,49719.06,91.71,3,tu
1233,82248.40,95.34,3,tu
1234,21432.64,87.56,3,tu
312,65922.36,61.69,4,tu
1234,15988.88,83.87,4,tu
1234,80981.43,100,4,tu
12,2756.27,100,4,tu
1234,2532.82,100,4,tu
3245,62809.27,95.66,4,tu
534,80647.97,53.99,0,tu
534,48274.78,43.10,0,tu
1233,14119.76,43.50,0,tu
534,19657.25,44.53,0,tu
3245,1167.29,31.87,0,tu
312,45524.49,69.68,0,tu
12,33779.36,100,1,tu
1233,6934.25,11.65,1,tu
312,19543.39,28.28,1,tu
312,17039.20,39.76,1,tu
1234,31173.57,63.20,1,tu
12,59829.57,22.58,1,tu
534,86041.02,65.61,2,tu
534,27584.46,48.82,2,tu
1233,78995.99,61.92,2,tu
534,51236.60,100,2,tu
1233,67118.54,100,2,tu
1233,65464.83,32.44,2,tu
1234,8914.18,91.84,3,tu
312,17995.88,100,3,tu
12,39051.70,96.80,3,tu
1233,22971.12,100,3,tu
1233,9194.82,100,3,tu
7564,33200.91,87.89,3,tu
1233,50264.47,100,4,tu
7564,17059.27,100,4,tu
1233,23015.68,100,4,tu
1233,63093.63,100,4,tu
12,11868.98,100,4,tu
12,16393.46,100,4,tu
7564,670.81,65.87,0,tu
1234,84411.24,60.00,0,tu
312,38466.60,26.94,0,tu
12,13676.95,32.90,0,tu
3245,11241.58,5.17,0,tu
534,5684.12,13.33,0,tu
1234,31251.81,86.05,1,tu
312,38483.84,63.59,1,tu
1233,21879.54,71.64,1,tu
312,79397.23,58.64,1,tu
1234,47049.82,35.05,1,tu
3245,47307.79,18.05,1,tu
312,22921.23,44.12,2,tu
1234,65566.99,100,2,tu
3245,74869.78,100,2,tu
534,75618.55,82.82,2,tu
3245,84185.44,90.11,2,tu
12,33953.69,77.38,2,tu
12,20001.13,98.20,3,tu
312,71227.37,100,3,tu
3245,3103.72,85.78,3,tu
312,68427.66,100,3,tu
1234,27997.95,100,3,tu
3245,41944.63,100,3,tu
534,12832.36,97.10,4,tu
1234,23620.77,100,4,tu
7564,52027.36,100,4,tu
7564,75217.19,100,4,tu
312,74917.92,100,4,tu
1233,1380.37,100,4,tu
1234,84619.48,62.64,0,tu
1234,58782.81,11.42,0,tu
312,13683.37,33.26,0,tu
312,63664.35,41.12,0,tu
312,68895.49,19.85,0,tu
7564,62341.63,43.87,0,tu
3245,35080.41,100,1,tu
3245,40075.16,54.49,1,tu
534,65850.61,62.04,1,tu
7564,77068.36,56.71,1,tu
12,55585.75,24.30,1,tu
312,19673.31,52.40,1,tu
312,51861.38,41.17,2,tu
12,72502.68,83.18,2,tu
3245,65413.45,100,2,tu
534,64901.81,57.15,2,tu
7564,16272.98,34.48,2,tu
3245,16979.58,67.98,2,tu
3245,24630.99,94.73,3,tu
312,45937.82,100,3,tu
312,56451.19,100,3,tu
7564,56631.88,100,3,tu
312,21107.01,75.52,3,tu
7564,81019.12,82.75,3,tu
1234,69902.36,100,4,tu
3245,16301.21,100,4,tu
312,83277.92,100,4,tu
312,64028.30,100,4,tu
312,24550.15,91.86,4,tu
1234,31168.30,100,4,tu
1233,19090.17,43.02,0,tu
1234,30383.51,65.18,0,tu
3245,52510.09,41.62,0,tu
1233,56646.64,68.52,0,tu
534,30825.17,67.73,0,tu
12,40862.32,41.38,0,tu
534,30688.02,82.53,1,tu
534,55713.25,35.23,1,tu
12,64327.25,61.04,1,tu
312,52520.00,60.22,1,tu
312,55192.58,24.84,1,tu
12,12621.28,7.59,1,tu
312,50233.41,38.21,2,tu
1234,25603.12,97.08,2,tu
534,17379.51,88.28,2,tu
7564,69097.02,96.96,2,tu
1233,68092.03,49.36,2,tu
1233,26051.96,58.40,2,tu
3245,65062.76,71.44,3,tu
3245,65112.27,100,3,tu
534,83052.87,100,3,tu
12,51520.97,100,3,tu
3245,27497.93,80.84,3,tu
1233,18811.78,91.78,3,tu
312,25159.53,100,4,tu
1234,59094.01,100,4,tu
534,31465.72,100,4,tu
3245,14788.54,100,4,tu
534,30565.65,100,4,tu
534,1668.16,70.52,4,tu
312,5746.19,57.21,0,tu
312,44831.73,29.86,0,tu
1234,32591.59,36.11,0,tu
1234,19087.52,43.66,0,tu
1234,72878.17,30.94,0,tu
3245,12129.68,32.90,0,tu
3245,32959.50,100,1,tu
534,14698.57,26.74,1,tu
12,35051.69,20.27,1,tu
7564,73559.69,51.87,1,tu
12,40903.91,68.44,1,tu
1233,62901.38,55.40,1,tu
3245,9991.03,59.16,2,tu
7564,55318.12,69.90,2,tu
1234,37873.32,57.37,2,tu
1234,40222.12,94.96,2,tu
1233,60061.89,73.17,2,tu
1233,33455.46,100,2,tu
1233,23685.45,94.08,3,tu
534,666.99,100,3,tu
12,30573.56,100,3,tu
7564,32926.24,100,3,tu
534,26925.93,100,3,tu
7564,18350.76,100,3,tu
7564,25536.91,100,4,tu
1233,17233.01,100,4,tu
7564,52554.26,100,4,tu
312,18133.68,100,4,tu
12,62160.74,100,4,tu
1233,24227.23,100,4,tu
1234,59439.16,51.99,0,tu
3245,35881.64,31.52,0,tu
1234,85773.48,37.24,0,tu
3245,70316.32,16.12,0,tu
12,4711.59,30.65,0,tu
3245,43451.64,48.72,0,tu
534,52181.66,96.05,1,tu
3245,85902.55,42.59,1,tu
312,40735.61,30.69,1,tu
7564,9318.54,67.17,1,tu
12,20566.05,24.59,1,tu
1233,36421.80,44.99,1,tu
1234,54382.45,32.02,2,tu
3245,79679.66,90.16,2,tu
3245,72398.14,66.10,2,tu
534,80672.21,92.18,2,tu
7564,59730.98,73.08,2,tu
534,50521.21,89.98,2,tu
1234,83044.69,87.71,3,tu
534,58667.56,100,3,tu
1233,80926.32,77.74,3,tu
1233,68038.21,100,3,tu
534,61205.92,85.18,3,tu
12,15220.62,100,3,tu
1234,83316.37,100,4,tu
7564,20028.96,100,4,tu
1233,37633.13,100,4,tu
7564,70388.68,100,4,tu
12,52538.17,93.85,4,tu
12,72430.42,100,4,tu
1234,42551.91,20.57,0,tu
3245,5099.33,28.90,0,tu
1233,68041.53,41.80,0,tu
7564,54627.71,14.83,0,tu
1233,71262.08,49.90,0,tu
312,30413.56,29.07,0,tu
12,74242.47,96.04,1,tu
1233,22650.53,30.44,1,tu
12,43592.35,20.87,1,tu
3245,57822.10,70.16,1,tu
312,82467.18,43.14,1,tu
7564,10333.21,27.28,1,tu
1234,56342.85,59.19,2,tu
12,39639.05,49.14,2,tu
312,8427.42,65.87,2,tu
7564,6724.70,100,2,tu
7564,65307.12,95.05,2,tu
1233,68198.54,100,2,tu
12,40830.95,62.03,3,tu
12,42826.69,100,3,tu
312,27038.53,100,3,tu
7564,85551.47,100,3,tu
1234,83294.15,100,3,tu
12,40836.81,100,3,tu
534,53585.20,85.33,4,tu
12,71295.15,100,4,tu
1234,844.38,100,4,tu
7564,21180.44,100,4,tu
1234,26926.03,100,4,tu
7564,78096.90,100,4,tu
312,24545.32,12.98,0,tu
12,11561.60,41.87,0,tu
7564,34691.06,20.72,0,tu
7564,60797.76,56.75,0,tu
534,83097.25,38.87,0,tu
3245,1061.59,40.08,0,tu
312,47195.66,71.43,1,tu
1233,31214.76,69.80,1,tu
7564,15801.48,32.90,1,tu
12,8821.90,35.26,1,tu
1234,63717.30,10.39,1,tu
12,37484.87,52.01,1,tu
12,27279.78,37.03,2,tu
312,23972.68,100,2,tu
3245,25710.08,62.45,2,tu
7564,78905.07,43.17,2,tu
1233,81917.27,71.91,2,tu
1234,71493.23,100,2,tu
1234,24280.99,65.00,3,tu
12,27057.62,100,3,tu
12,74119.48,73.10,3,tu
3245,27437.20,81.74,3,tu
534,662.48,89.13,3,tu
7564,23418.36,100,3,tu
7564,49418.27,100,4,tu
3245,38563.61,100,4,tu
1233,35084.20,83.59,4,tu
1233,43778.94,100,4,tu
312,69137.07,100,4,tu
3245,54436.27,100,4,tu
3245,50549.18,35.90,0,tu
1234,7594.76,51.68,0,tu
7564,40064.43,48.15,0,tu
534,58873.12,55.79,0,tu
7564,36276.67,19.96,0,tu
1234,58231.48,47.55,0,tu
312,71120.79,67.40,1,tu
3245,61789.16,97.84,1,tu
312,34444.69,51.15,1,tu
3245,48667.64,-13.62,1,tu
1233,27746.49,31.34,1,tu
1233,39064.24,29.77,1,tu
3245,23303.93,55.56,2,tu
534,83495.11,37.69,2,tu
3245,83684.54,100,2,tu
12,41656.33,14.35,2,tu
1233,45179.21,46.33,2,tu
12,15688.35,30.09,2,tu
12,50817.69,91.86,3,tu
12,55839.48,96.65,3,tu
1234,12283.50,100,3,tu
12,82774.47,62.64,3,tu
1233,32182.56,100,3,tu
1233,46622.59,64.63,3,tu
312,16987.88,100,4,tu
1234,54055.26,100,4,tu
12,19330.71,100,4,tu
1233,655.06,71.53,4,tu
12,4742.00,100,4,tu
12,32974.61,87.06,4,tu
12,51396.40,11.52,0,tu
312,81710.87,64.11,0,tu
1234,73124.53,36.88,0,tu
7564,10616.15,22.62,0,tu
1233,77645.78,54.02,0,tu
7564,48230.22,51.07,0,tu
1234,52029.84,24.61,1,tu
1234,61766.49,100,1,tu
1233,22440.58,54.48,1,tu
3245,33449.94,33.33,1,tu
12,78188.12,-0.77,1,tu
3245,84282.62,46.94,1,tu
1234,47003.20,41.64,2,tu
1234,50761.72,44.93,2,tu
534,27820.22,100,2,tu
1233,66853.77,93.09,2,tu
12,16315.05,56.36,2,tu
1233,17165.20,100,2,tu
312,3901.34,100,3,tu
1233,26474.51,58.85,3,tu
312,26269.37,100,3,tu
534,79574.78,100,3,tu
312,67694.83,78.21,3,tu
1234,66341.76,100,3,tu
7564,46856.95,100,4,tu
534,9121.11,100,4,tu
12,25950.96,100,4,tu
7564,23267.80,100,4,tu
534,29294.13,100,4,tu
7564,69540.12,100,4,tu
534,28941.79,69.51,0,m
1233,31297.17,16.85,0,m
1233,39338.71,34.41,0,m
534,42118.18,69.08,0,m
312,64567.30,17.05,0,m
1233,81958.41,46.91,0,m
1233,19433.99,100,1,m
1234,35621.30,4.91,1,m
1234,4771.48,82.48,1,m
1234,64848.06,26.89,1,m
3245,2463.31,44.31,1,m
3245,33214.26,62.62,1,m
312,48239.40,25.88,2,m
12,3634.14,65.24,2,m
3245,31922.51,100,2,m
1233,47566.33,62.51,2,m
1233,72966.60,100,2,m
534,33833.27,91.46,2,m
3245,25272.72,60.77,3,m
312,44514.44,100,3,m
3245,67935.88,100,3,m
12,2223.07,100,3,m
312,1382.10,100,3,m
1233,52502.74,100,3,m
7564,45164.97,100,4,m
312,61772.46,100,4,m
7564,50989.88,100,4,m
1234,54843.68,100,4,m
1233,28264.74,100,4,m
534,78871.34,100,4,m
1233,6485.21,14.20,0,tu
12,16773.03,24.88,0,tu
534,35234.57,77.22,0,tu
1234,62831.53,33.08,0,tu
3245,5034.45,41.76,0,tu
3245,46048.55,28.96,0,tu
1234,70230.27,22.54,1,tu
312,7827.51,40.25,1,tu
12,32876.13,45.18,1,tu
12,59743.37,54.75,1,tu
7564,50080.84,95.63,1,tu
12,33871.63,64.12,1,tu
534,18626.68,64.61,2,tu
1234,539.84,95.99,2,tu
7564,76184.02,87.90,2,tu
312,8017.45,98.91,2,tu
1233,56466.24,100,2,tu
312,25909.86,100,2,tu
1233,4638.09,76.50,3,tu
534,73057.47,100,3,tu
1234,2151.43,100,3,tu
534,79032.01,100,3,tu
534,80639.38,100,3,tu
1233,55924.61,100,3,tu
534,64750.83,100,4,tu
7564,7454.86,100,4,tu
3245,67103.99,100,4,tu
312,1815.70,100,4,tu
312,10638.77,100,4,tu
1233,72487.71,100,4,tu
1234,42967.49,36.79,0,tu
312,2347.00,4.47,0,tu
12,8760.58,27.57,0,tu
534,39968.39,26.63,0,tu
1234,16889.04,37.93,0,tu
1234,71065.39,51.64,0,tu
1233,66061.63,73.27,1,tu
312,21919.31,24.91,1,tu
1233,79378.27,30.74,1,tu
3245,28078.06,29.16,1,tu
1234,1689.79,52.25,1,tu
312,85764.03,38.33,1,tu
1234,46279.79,48.63,2,tu
534,49959.72,66.95,2,tu
7564,33437.31,42.88,2,tu
7564,13897.40,80.28,2,tu
534,30863.22,67.13,2,tu
1234,27432.12,71.88,2,tu
7564,32120.55,100,3,tu
3245,9252.35,100,3,tu
12,29935.73,73.89,3,tu
3245,17918.65,94.54,3,tu
7564,10656.96,100,3,tu
3245,17820.41,100,3,tu
7564,17433.80,100,4,tu
7564,18040.57,100,4,tu
312,3272.25,100,4,tu
7564,45718.81,100,4,tu
534,48298.64,100,4,tu
1233,13699.32,100,4,tu
12,19543.31,25.41,0,tu
3245,13411.25,45.37,0,tu
3245,36979.56,19.47,0,tu
7564,12107.10,38.09,0,tu
534,3090.14,50.59,0,tu
1233,6413.52,49.48,0,tu
312,32378.82,36.56,1,tu
534,68975.15,100,1,tu
12,48996.29,25.27,1,tu
534,50049.11,16.95,1,tu
7564,31118.83,44.34,1,tu
12,4116.07,81.87,1,tu
7564,65280.29,-2.66,2,tu
1234,23472.09,58.65,2,tu
1234,1715.44,40.76,2,tu
12,85857.33,29.65,2,tu
1234,77680.17,82.89,2,tu
7564,24589.68,100,2,tu
534,28639.41,44.22,3,tu
3245,73356.44,100,3,tu
534,32094.98,97.84,3,tu
534,71413.13,95.39,3,tu
3245,67221.98,100,3,tu
534,72374.98,100,3,tu
1234,24879.68,100,4,tu
534,67166.16,100,4,tu
12,8814.28,100,4,tu
7564,13208.56,100,4,tu
7564,81096.47,100,4,tu
534,32561.65,100,4,tu
12,85326.14,57.83,0,tu
12,80089.05,63.93,0,tu
312,40515.45,-0.09,0,tu
1233,53047.82,23.23,0,tu
12,21833.73,12.44,0,tu
312,28927.65,35.52,0,tu
1233,75642.38,100,1,tu
3245,62356.33,16.75,1,tu
534,22681.64,50.39,1,tu
534,62952.78,51.84,1,tu
534,68986.13,44.41,1,tu
12,50343.38,62.51,1,tu
7564,40236.23,45.73,2,tu
1234,48370.76,40.12,2,tu
7564,60023.02,58.33,2,tu
3245,2000.66,100,2,tu
12,66196.24,45.89,2,tu
7564,85357.80,100,2,tu
1234,24556.02,96.84,3,tu
312,71742.32,76.13,3,tu
312,17379.47,100,3,tu
12,49652.68,100,3,tu
1234,77162.33,85.86,3,tu
1234,12219.62,100,3,tu
1234,27491.99,100,4,tu
312,5284.17,100,4,tu
3245,7930.45,100,4,tu
1234,71140.84,100,4,tu
7564,25009.23,100,4,tu
1234,23810.09,100,4,tu
312,71142.62,43.14,0,tu
7564,10644.24,26.85,0,tu
1233,35244.80,65.77,0,tu
12,65460.64,34.43,0,tu
312,12588.09,40.92,0,tu
1234,65096.84,53.65,0,tu
12,66472.72,85.87,1,tu
312,59538.48,27.17,1,tu
3245,30479.58,51.03,1,tu
1233,11450.51,22.57,1,tu
1233,58959.89,60.57,1,tu
534,55348.24,37.47,1,tu
1233,6440.77,62.26,2,tu
7564,24654.29,87.45,2,tu
1233,68953.95,86.19,2,tu
12,69542.39,23.96,2,tu
1234,51022.82,61.64,2,tu
312,39054.19,96.79,2,tu
3245,38313.77,91.76,3,tu
312,8616.82,100,3,tu
1233,56697.21,100,3,tu
1233,16102.02,100,3,tu
1233,17152.36,100,3,tu
1233,6647.75,100,3,tu
7564,53207.60,100,4,tu
12,70048.44,100,4,tu
1234,12428.17,100,4,tu
12,33070.82,100,4,tu
7564,80928.54,100,4,tu
12,26799.06,100,4,tu
7564,848.38,53.25,0,tu
534,35256.52,25.07,0,tu
12,78695.40,34.43,0,tu
534,20829.83,19.70,0,tu
12,16191.48,59.76,0,tu
3245,72636.62,53.25,0,tu
312,48604.23,84.30,1,tu
1234,35465.93,66.82,1,tu
312,23114.44,38.15,1,tu
12,30759.53,51.00,1,tu
7564,60940.42,19.70,1,tu
3245,74633.11,27.70,1,tu
312,65479.18,52.81,2,tu
312,65514.17,100,2,tu
1234,55887.65,76.88,2,tu
1233,13819.92,97.73,2,tu
534,13524.04,57.14,2,tu
1234,50942.18,88.61,2,tu
3245,79144.70,100,3,tu
534,22630.22,100,3,tu
12,59073.05,100,3,tu
312,5160.75,100,3,tu
12,160.58,100,3,tu
1233,2835.90,100,3,tu
312,18208.86,100,4,tu
7564,31717.19,100,4,tu
1233,55445.07,100,4,tu
3245,55344.19,100,4,tu
1233,77124.42,100,4,tu
312,48041.42,100,4,tu
1234,3497.41,39.08,0,tu
1233,18404.28,23.75,0,tu
12,64710.16,42.90,0,tu
7564,35142.07,59.72,0,tu
12,62070.73,25.55,0,tu
7564,36866.07,36.53,0,tu
12,86354.73,78.90,1,tu
312,13986.44,20.88,1,tu
312,33313.37,48.62,1,tu
1233,63324.47,62.88,1,tu
7564,12738.39,87.30,1,tu
1233,68410.60,21.47,1,tu
7564,32847.93,60.40,2,tu
534,30034.80,51.20,2,tu
312,21653.22,82.92,2,tu
1234,56949.99,100,2,tu
3245,67081.94,100,2,tu
1233,46954.51,60.54,2,tu
1234,64941.48,100,3,tu
7564,80066.08,100,3,tu
3245,16560.69,100,3,tu
534,2760.51,100,3,tu
312,41566.73,100,3,tu
12,23072.44,100,3,tu
7564,56097.81,100,4,tu
534,85627.76,100,4,tu
3245,75448.89,100,4,tu
12,30795.41,100,4,tu
1233,79413.09,100,4,tu
7564,25294.78,100,4,tu
7564,51955.78,9.85,0,tu
7564,77170.02,36.33,0,tu
3245,74870.48,5.77,0,tu
12,24986.90,24.14,0,tu
534,8575.72,17.21,0,tu
1233,48252.48,46.96,0,tu
312,15656.73,70.07,1,tu
7564,23094.04,27.77,1,tu
312,13732.46,18.63,1,tu
1234,52988.72,12.84,1,tu
312,38573.40,46.69,1,tu
1233,77.59,-4.95,1,tu
312,43930.04,64.33,2,tu
1234,81869.81,75.27,2,tu
1234,11150.77,69.52,2,tu
1234,68363.40,42.76,2,tu
3245,6446.97,84.66,2,tu
534,16872.55,34.07,2,tu
534,8241.80,81.59,3,tu
12,67591.71,98.27,3,tu
534,65960.57,99.96,3,tu
1233,36999.34,97.64,3,tu
1234,31430.34,100,3,tu
7564,57362.60,65.95,3,tu
1234,1347.95,100,4,tu
534,5684.76,100,4,tu
312,47799.02,100,4,tu
1233,68184.17,100,4,tu
1234,63399.52,100,4,tu
1233,61653.24,100,4,tu
3245,83399.85,58.19,0,m
312,31762.82,52.54,0,m
12,55375.44,45.38,0,m
1234,29414.81,30.74,0,m
7564,57149.02,52.45,0,m
12,4954.48,57.39,0,m
534,80190.60,100,1,m
534,1841.56,54.47,1,m
1233,49105.14,50.38,1,m
12,17530.56,56.69,1,m
7564,12675.75,10.91,1,m
3245,30354.90,14.93,1,m
1234,31551.87,35.11,2,m
7564,50067.44,100,2,m
1234,56680.14,100,2,m
7564,98.89,30.13,2,m
7564,51577.23,46.40,2,m
12,64705.52,60.25,2,m
1234,35536.14,89.44,3,m
1233,80049.44,100,3,m
12,28958.62,100,3,m
1234,53205.94,50.57,3,m
1233,52090.17,97.85,3,m
12,603.90,97.43,3,m
3245,47489.94,100,4,m
1233,55242.80,100,4,m
3245,16218.18,100,4,m
534,26161.61,100,4,m
1233,62111.47,100,4,m
7564,8355.81,100,4,m
7564,53509.43,62.31,0,tu
7564,74185.32,36.66,0,tu
312,37997.14,29.05,0,tu
312,60353.46,89.36,0,tu
1233,58517.31,65.14,0,tu
1234,15493.33,39.71,0,tu
1233,71448.96,30.75,1,tu
3245,34246.56,62.74,1,tu
1234,29582.57,22.48,1,tu
12,21624.38,18.86,1,tu
12,16473.74,100,1,tu
3245,29512.82,65.13,1,tu
1234,13095.22,94.59,2,tu
1233,34073.42,100,2,tu
3245,65006.23,71.90,2,tu
7564,74624.13,48.85,2,tu
1233,42750.13,100,2,tu
534,26428.35,95.72,2,tu
1233,50308.10,100,3,tu
3245,49922.86,100,3,tu
1234,16923.10,74.35,3,tu
534,82274.30,100,3,tu
1234,34828.96,100,3,tu
3245,46315.53,100,3,tu
3245,27522.83,100,4,tu
1233,75679.06,100,4,tu
7564,39543.31,90.74,4,tu
534,64776.44,100,4,tu
312,49835.83,100,4,tu
1233,17846.01,100,4,tu
12,58473.96,52.36,0,m
3245,12429.76,38.93,0,m
534,46878.95,11.82,0,m
12,33038.53,41.61,0,m
1234,53830.97,45.59,0,m
312,85964.89,67.76,0,m
7564,28250.27,81.68,1,m
1233,81208.38,37.15,1,m
312,59303.61,17.01,1,m
3245,27798.97,46.67,1,m
1233,5820.52,54.53,1,m
534,60921.59,44.72,1,m
7564,40275.79,65.59,2,m
312,32073.78,93.87,2,m
312,17443.35,32.36,2,m
1233,56251.73,100,2,m
534,7995.43,53.52,2,m
7564,14877.17,81.14,2,m
534,32650.45,76.90,3,m
534,63538.10,100,3,m
3245,74871.53,31.20,3,m
1233,5382.27,100,3,m
534,78549.58,100,3,m
534,29260.78,98.39,3,m
1233,63165.35,100,4,m
1233,62426.59,100,4,m
312,78322.14,64.48,4,m
1233,85563.72,100,4,m
3245,53356.88,100,4,m
312,110.83,100,4,m
3245,29635.75,17.77,0,tu
1233,12202.73,72.03,0,tu
3245,68684.51,47.44,0,tu
12,73348.68,28.96,0,tu
12,9019.57,49.75,0,tu
3245,52299.91,50.72,0,tu
312,68836.65,40.07,1,tu
1233,50684.35,0.34,1,tu
12,66416.92,70.72,1,tu
1233,21800.21,63.22,1,tu
312,84304.09,65.61,1,tu
12,14732.64,73.15,1,tu
1234,52918.13,100,2,tu
1233,70227.35,23.83,2,tu
12,80214.33,100,2,tu
7564,72832.01,100,2,tu
12,5237.57,100,2,tu
7564,45498.85,100,2,tu
12,28292.12,100,3,tu
3245,53477.20,36.75,3,tu
12,47758.65,100,3,tu
7564,76316.57,100,3,tu
7564,3141.70,100,3,tu
1234,54609.26,100,3,tu
3245,70807.89,100,4,tu
3245,16904.07,83.66,4,tu
312,68871.53,100,4,tu
7564,11094.85,100,4,tu
12,35676.81,100,4,tu
1234,10085.30,100,4,tu
12,65099.14,55.55,0,m
7564,18951.47,43.45,0,m
7564,23293.27,51.12,0,m
1234,3561.38,31.32,0,m
12,55345.39,31.96,0,m
312,38021.97,33.87,0,m
312,77566.84,100,1,m
3245,41338.63,17.53,1,m
1234,72345.45,36.08,1,m
1234,11083.24,63.36,1,m
3245,30610.48,37.12,1,m
534,60277.02,44.69,1,m
12,41059.32,37.74,2,m
3245,23765.49,48.97,2,m
3245,27211.94,67.04,2,m
312,49137.30,77.84,2,m
3245,1672.50,64.70,2,m
3245,63809.18,30.57,2,m
312,6968.76,100,3,m
3245,12002.94,43.08,3,m
12,81168.55,91.42,3,m
1234,72994.98,100,3,m
1233,18065.04,99.23,3,m
312,72945.57,66.18,3,m
1233,0.58,100,4,m
1234,9106.44,61.62,4,m
312,24051.39,100,4,m
12,34292.66,100,4,m
3245,38537.93,100,4,m
312,39371.16,90.77,4,m
534,71272.85,59.49,0,m
1234,8366.05,73.31,0,m
3245,52822.51,45.23,0,m
7564,2084.60,42.37,0,m
534,83263.61,36.48,0,m
534,59375.63,14.92,0,m
7564,51188.88,32.11,1,m
312,80500.87,55.64,1,m
1233,35312.58,80.51,1,m
1234,31422.22,85.54,1,m
312,14833.73,91.60,1,m
3245,14271.00,55.55,1,m
1234,66856.58,96.76,2,m
12,86207.48,84.97,2,m
7564,69529.45,93.25,2,m
534,60295.10,100,2,m
12,19715.91,90.28,2,m
534,64630.35,100,2,m
1233,77757.96,100,3,m
12,71559.24,100,3,m
3245,40800.69,100,3,m
1234,2756.71,100,3,m
534,28866.57,100,3,m
1234,77532.88,100,3,m
12,23573.88,100,4,m
3245,61490.09,100,4,m
534,24601.18,100,4,m
12,11296.08,100,4,m
312,24797.69,100,4,m
3245,56948.69,100,4,m
1233,82365.11,60.01,0,tu
1233,70638.91,32.54,0,tu
12,75261.50,47.75,0,tu
12,2015.30,67.36,0,tu
7564,35684.66,70.85,0,tu
312,55421.11,12.99,0,tu
7564,2805.31,41.60,1,tu
12,13129.24,82.36,1,tu
3245,41685.10,53.00,1,tu
7564,37321.40,31.93,1,tu
7564,48902.82,12.14,1,tu
312,14098.69,48.83,1,tu
3245,83092.18,67.64,2,tu
12,31647.49,100,2,tu
1233,40166.16,100,2,tu
312,82756.15,100,2,tu
312,11514.49,48.24,2,tu
1234,16600.81,84.42,2,tu
1233,71465.02,98.22,3,tu
7564,67009.33,100,3,tu
3245,54865.93,100,3,tu
12,6135.29,100,3,tu
534,71607.47,64.90,3,tu
1234,35464.80,100,3,tu
312,73529.12,100,4,tu
7564,67896.71,100,4,tu
1234,80113.35,100,4,tu
534,45362.61,100,4,tu
3245,86063.57,100,4,tu
7564,34307.61,100,4,tu
3245,4080.54,23.94,0,tu
1234,75696.25,62.23,0,tu
7564,81533.76,46.63,0,tu
3245,43566.25,18.32,0,tu
1234,13275.12,19.68,0,tu
12,15894.79,25.69,0,tu
7564,29906.56,53.48,1,tu
312,6160.21,100,1,tu
3245,69421.09,28.50,1,tu
1233,17017.89,50.64,1,tu
1233,70216.54,83.61,1,tu
1233,43619.77,12.86,1,tu
12,11983.81,36.20,2,tu
312,51738.17,40.38,2,tu
312,54473.28,70.39,2,tu
534,36612.77,72.81,2,tu
1234,2418.74,100,2,tu
312,12212.29,72.68,2,tu
534,21926.02,70.67,3,tu
534,59595.76,83.49,3,tu
12,61255.30,100,3,tu
1234,48193.87,100,3,tu
7564,48270.51,100,3,tu
1234,48325.72,100,3,tu
1234,66481.77,95.94,4,tu
1233,31244.05,100,4,tu
12,68082.18,100,4,tu
534,22180.40,100,4,tu
7564,40506.81,100,4,tu
3245,44130.21,100,4,tu
1234,34523.56,64.23,2,f
